joke_type,random
joke_type,baseball
joke_type,good
joke_type,nerd
joke_type,nice
joke_type,funny
joke_type,yo mama
joke_type,knock knock
joke_type,birds
joke_type,funniest
joke_type,man
joke_type,about aliens
joke_type,cools
joke_type,dirty
joke_type,good funny
joke_type,new
joke_type,about chickens
joke_type,animal
joke_type,dogs
joke_type,doctor
joke_type,best
joke_type,sarcastic
joke_type,naughty
joke_type,car
joke_type,silly
joke_type,latest
joke_type,about the old woman
date,second january
date,january twenty five
date,one week from now
date,february fourteenth
date,two day after this day
date,june fifth every year
date,weekends and holidays
date,fifth december
date,thirteenth
date,every saturday
date,april
date,Saturday
date,march twenty four two thousand and seventeen
date,may twenty two
date,fourth october
date,twenty third may
date,april fourteenth
date,this week
date,next week
date,feb four
date,june fourteenth two thousand and seventeen
date,march twentieth
date,this Friday
date,first of april
date,march first
date,twenty fourth march
date,tomorrow
date,july
date,march fifth
date,first of february twenty seventeen
date,february twelfth
date,next month
date,two thousand and eighteen
date,last night
date,sunday
date,every week day
date,july three
date,january second
date,july seventh
date,this day
date,twenty ninth
date,twenty third
date,saturday
date,march tenth
date,last month
date,fifth march
date,weekend
date,march twenty first
date,mardi gras day
date,weekly
date,first april
date,april twenty
date,my first date with bob
date,twenty ninth march
date,may two
date,next weeks
date,twenty ninth of march twenty seventeen
date,wednesday
date,december
date,this year
date,next year
date,monday
date,fifteenth of march
date,twenty six march
date,early two thousands
date,may
date,march nineteen
date,the twenty second
date,thursday
date,third april
date,twenty second
date,fifteenth of this month
date,march
date,this weekend
date,todays
date,everyday
date,march twentieth two thousand and seventeen
date,Thursday
date,tenth of march two thousand seventeen
date,twenty three march
date,every sunday
date,coming week
date,date
date,tonight
date,three of months
date,Monday
date,two thousand and fourteen
date,june nineteenth
date,four april
date,school week
date,easter
date,last Friday
date,friday april fourteenth
date,monday morning
date,seventh april
date,Friday
date,twelfth
date,twenty third march
date,next few days
date,this past year
date,march seven
date,july fourth
date,the day after
date,fifteenth
date,next sunday
date,tomorrows
date,the third monday of this month
date,twenty third of march twenty seventeen
date,weekdays
date,march nineteenth
date,every friday
date,two thousand and sixteen
date,twenty second of this month
date,march twenty fifth
date,twenty first
date,seventh march
date,last week
date,month
date,Sunday
date,thirty first
date,Wednesday
date,twenty fifth
date,nineteen ninety
date,april fourth
date,birthday
date,last friday of the month
date,twelveth july
date,two days
date,week
date,tenth
date,this coming week
date,all days
date,march twenty third
date,third march
date,mondays
date,this weeks
date,fridays
date,yesterday
date,march sixth
date,in one day advance
date,april one two thousand and seventeen
date,twentieth
date,coming sunday
date,this month
date,april sixteenth
date,today
date,friday
date,Tuesday
date,first of march
date,march sixteenth
date,the past week
date,twenty second april
date,june first
date,march twenty five
date,august fifteenth
date,after Friday
date,thirteenth june
date,one thousand nine hundred and ninety
date,tuesday
date,sundays
date,rest of the year
date,twenty two march
date,third
date,fourteenth of this month
date,fifteenth march
date,last day
date,fourth of july
relation,lawyers
relation,clients
relation,boss
relation,mommy
relation,mum
relation,dad
relation,father
relation,mom
relation,family member
relation,the team
relation,mother
relation,son
relation,grandma
relation,team leader
relation,bosses
relation,friend
relation,company
relation,husbands
relation,bro
relation,sister
relation,kids
relation,coworker
relation,co workers
relation,manager
relation,my father
relation,my daughter
relation,wife
relation,assistant
relation,priest
relation,sisters
relation,relatives
relation,colleague
relation,online friends
relation,dentist
relation,friends
relation,valet service
relation,co worker
relation,girlfriend
relation,daddy
relation,the ceo
relation,colleagues
relation,my wife
relation,family
relation,girlfriend lisa
relation,brother
relation,supervisor
relation,president
person,john doe
person,rahul
person,amber stevens
person,reeta
person,rowan atkinson
person,renee
person,Dolly parton
person,linda connors
person,ted
person,emma
person,bina
person,jan
person,brenden
person,daniel bell
person,tara john
person,raj
person,george brown
person,bob scrote
person,jay
person,finlee
person,bill
person,jimmy johns
person,ray
person,al
person,richard feynman
person,charlotte
person,michael m
person,alex
person,dr rosenstock
person,frank
person,tom hanks
person,joanne
person,petey
person,keanu reeves
person,heather
person,rohit
person,joanna
person,john dillinger
person,peter
person,george
person,mongomery llc company
person,fred
person,donald trump
person,madonna
person,evelyn mayer
person,amie
person,warren buffet
person,hayden
person,dr smith
person,katherine
person,june
person,seth
person,dave matthews
person,kate
person,lincoln
person,rachel
person,paul
person,carlos
person,ryan
person,joes
person,sean connery
person,jane doe
person,mr t
person,anna
person,charlie chaplin
person,luke
person,gary
person,kevin
person,jen
person,emma watson
person,jennifer garner
person,dale
person,manoj
person,jean
person,justin
person,parisa
person,alison
person,stefan
person,eric
person,emilia
person,rihanna
person,jon bon jovi
person,bola
person,alex jones
person,mark lanegan
person,susan
person,frank goggins
person,lisa
person,robert jones
person,terry
person,einstein
person,johns
person,Alexander
person,bryan cranston
person,sara
person,sheila
person,jill
person,mahatma gandhi
person,jancy
person,sam harris
person,bills
person,patrick
person,maria
person,jacob
person,barack obaba
person,clara
person,selena gomez
person,alexander the great
person,mona
person,lindsey lohan
person,jhonny
person,mary
person,cindi
person,ms boland
person,nancy
person,linda
person,leonardo
person,jesse
person,michael
person,rohan sharma
person,frank sinatra
person,sandy
person,jason
person,bobby mcgee
person,priya chopra
person,greg
person,arijit singh
person,mark
person,brent
person,trump
person,christie brinkley
person,keith richards
person,charles
person,alice
person,jeff
person,kenny
person,jim
person,marie jones
person,mary smith
person,jennifer aniston
person,rebecca green
person,jerry
person,jane
person,rene
person,abraham lincoln
person,carrie underwood
person,leon
person,apple store
person,phil
person,john smith
person,chris
person,carl
person,kevin spacey
person,hongbin
person,john
person,joe joe
person,pink
person,will smith
person,angelina jolie
person,jo
person,james
person,mr richard
person,obama
person,gloria
person,wendy
person,beyonce
person,silvia
person,robert
person,katrina
person,julie
person,peter francis
person,tom
person,marissa
person,joe smith
person,toms
person,dave ramsey
person,steve
person,mr richards
person,buddy
person,tessa
person,tom cruise
person,neal adams
person,stassi schroedder
person,jlo
person,rajesh
person,kailey
person,miley cyrus
person,mrjim
person,justin bieber
person,allen
person,trey
person,sarah
person,ryan seacrest
person,mary s.
person,bob stevens
person,raju
person,dan
person,kim kardashian
person,pawel
person,joose
person,morgan
person,brad pitt
person,jordan
person,emily rosser
person,george clooney
person,jenny
person,ale
person,hellen
person,david davis
person,all
person,principal lowry
person,john miller
person,tar
person,britney spears
person,ashwin
person,andy
person,amazon
person,jamie
person,bob
person,ed sheeran
person,jan medvesek
person,joe
person,dave
person,martha
person,jackie chan
person,mike
person,vikki
person,derek
person,graham
person,clint eastwood
person,sean
person,marlon brando
person,hemingway
person,amy
person,tracy
person,laura
person,surya
person,ana
person,cat
person,kmart
person,beth
person,david
person,elvis
person,lisa ann
person,sam
person,vicki
person,ashley
person,frieda
person,halley barry
person,johncena
person,betty white
person,tom izzo
person,erins
person,zita
person,celine
person,bert
person,jack
person,mike stein
person,aunt ruth
person,joe rogan
person,jessica
person,bob dylan
person,martin
person,rehan
person,tom brady
person,jared
person,cher
person,seahawks
person,jay z
food_type,risotto
food_type,ham and olive pizza
food_type,pasta in american style
food_type,brownies
food_type,hotdog
food_type,brisket
food_type,chicken casserole
food_type,beef
food_type,lamb pathia
food_type,crabs
food_type,soft cheese
food_type,peanuts
food_type,hamburger
food_type,thanksgiving turkey
food_type,cheese
food_type,sambar
food_type,cake
food_type,chocolate brownies
food_type,chicken noodle soup
food_type,porterhouse steak
food_type,baked chicken
food_type,stuffed peppers
food_type,eggs
food_type,mashed potatoes
food_type,crabmeat
food_type,cookie
food_type,veg biryani
food_type,the orange and the banana
food_type,pepperoni large
food_type,curry
food_type,rasgulla
food_type,sheperds pie
food_type,t'so eggroll
food_type,tequila
food_type,pork loin
food_type,american cheese
food_type,cheeseburgers
food_type,pepperoni pizza
food_type,healthy foods
food_type,sweet potato greens
food_type,pepperoni and bacon
food_type,spaghetti
food_type,texas sheet cake
food_type,fast food
food_type,tandoori chicken
food_type,pasta al dente
food_type,garlic bread
food_type,cookies
food_type,macaroni and cheese
food_type,cheesecake
food_type,burritto
food_type,potato
food_type,medium rare steak
food_type,six chicken tacos
food_type,ham and cheese sandwich
food_type,whole turkey
food_type,boiled eggs
food_type,pizza with ham and mushrooms
food_type,chicken wings
food_type,spagetti
food_type,asian
food_type,tacos
food_type,pizza with pepperoni
food_type,vietnamese
food_type,vegan
food_type,buffalo pizza
food_type,egg foo young
food_type,hamburgers
food_type,pick up
food_type,sexiest
food_type,postmates
food_type,bacon
food_type,tuna casserole
food_type,chicken alfredo
food_type,gluten free
food_type,fried rice
food_type,cheese pizza
food_type,pizza and wings
food_type,side of hot wings
food_type,fried chicken
food_type,pan pizza with ham and mushrooms
food_type,junk food
food_type,chili
food_type,byron
food_type,turkey meatballs
food_type,buttermilk
food_type,sausage
food_type,takeout
food_type,mexican
food_type,garam masala
food_type,pav bhaji
food_type,french fries
food_type,chinese
food_type,lomaine
food_type,shahi panner
food_type,burger
food_type,combo platter
food_type,veg
food_type,sushi
food_type,cheese burger
food_type,pizza pie with extra cheese
food_type,shawarma
food_type,delicacies
food_type,noodles
food_type,chicken manchow soup
food_type,thai
food_type,biriyani
food_type,pancakes
food_type,spicy
food_type,chicken breasts
food_type,icecream
food_type,gluten free bread
food_type,dish
food_type,biriyani meal
food_type,cheese sandwich
food_type,fish risotto
food_type,homemade bread
food_type,carrot soup
food_type,number seven
food_type,tofu
food_type,tuna
food_type,chicken
food_type,fish soup
food_type,soup
food_type,potatoes
food_type,steak
food_type,broccoli
food_type,pakistani food
food_type,bacon cheeseburger
food_type,beef and broccoli
food_type,enchiladas
food_type,apple pie
food_type,meatballs
food_type,lasagne
food_type,cheeseburger and fries
food_type,pizza
food_type,honey mustard wing combo
food_type,pasta
food_type,chicken tikka
food_type,pita gyros
food_type,lasagna
food_type,burgers
food_type,spanish
food_type,butter
food_type,meatloaf
food_type,chocolate chip cookies
food_type,pizzas stat
food_type,energy food
food_type,chinese food with hunan wok
food_type,coke
food_type,italian
food_type,sandwich
food_type,egg rolls
food_type,rice
food_type,turkey jimmy johns sub
food_type,tomato soup
food_type,smoked meat platter
food_type,pizzas and pieces of hot wings
food_type,general tsos chicken
food_type,handi paneer
food_type,pizzas
food_type,hot cross buns
food_type,corn bread
food_type,ribs
business_type,olive garden
business_type,farmers market
business_type,social events
business_type,movie
business_type,shopping mall
business_type,mechanic
business_type,food court
business_type,hamburger
business_type,super market
business_type,theatre
business_type,bar
business_type,wine bar
business_type,shopping centers
business_type,theater
business_type,cinema
business_type,pizza places
business_type,sports bar
business_type,shopping
business_type,pizza place
business_type,pubs
business_type,curry place
business_type,coffee shop
business_type,furniture store
business_type,atm machine
business_type,hardware store
business_type,train companies
business_type,grocery stores
business_type,something to eat
business_type,grocery store
business_type,markets
business_type,shops
business_type,sells clothes for classy ladies
business_type,pharmacy
business_type,restaurants
business_type,clothing shops
business_type,petrol station
business_type,chicken place
business_type,taxi service
business_type,farm markets
business_type,salon
business_type,ice cream shops
business_type,shop
business_type,drinks
business_type,wine shop
business_type,taco truck
business_type,dollars shop
business_type,gluten free bakery
business_type,party supplies
business_type,shoe shopping
business_type,clothes store
business_type,supermarket
business_type,cafes
business_type,place to eat
business_type,smoke shop
business_type,hotel
business_type,tea shop
business_type,place
business_type,irish pub
business_type,park
business_type,stores
business_type,restaurant
business_type,store
business_type,bars
business_type,theaters
business_type,a gift
business_type,grocery
business_type,lave to eat
business_type,pub
business_type,bike shops
place_name,german
place_name,broadway street
place_name,valley cottage
place_name,central park road
place_name,texas
place_name,eagle point
place_name,denver
place_name,atlanta georgia
place_name,alaska
place_name,barcelona
place_name,chicago
place_name,lyon
place_name,golden gate bridge
place_name,carmen drive
place_name,switzerland
place_name,gwalior
place_name,leavenworth
place_name,sunset boulevard
place_name,airport
place_name,turnpike lane
place_name,boston
place_name,amc nine
place_name,route eighty
place_name,route sixty six
place_name,kansas city plaza
place_name,karachi
place_name,milan
place_name,the i fifteen
place_name,i fifteen
place_name,philadelphia
place_name,newcastle
place_name,mumbai to ahmadabad
place_name,quad cities
place_name,washington town
place_name,rockville
place_name,rccg ikoyi lagos
place_name,dubai
place_name,washington dc
place_name,jodhpur station
place_name,afghanistan
place_name,vicinity
place_name,baltimore maryland
place_name,bowery street
place_name,miami florida
place_name,dc
place_name,london
place_name,broadway
place_name,brasil
place_name,ohio
place_name,round here
place_name,miami
place_name,mcdo
place_name,hyderabad
place_name,nyack
place_name,france
place_name,ajmer
place_name,any city more than two hundred miles away
place_name,highway
place_name,shivaji nagar
place_name,rome
place_name,dejvicka
place_name,canada
place_name,washington
place_name,tucson
place_name,allison rd
place_name,disco
place_name,the metro station
place_name,yellowstone national park
place_name,theatres
place_name,india
place_name,the theatre
place_name,indianapolis indiana
place_name,grand rapids
place_name,union station from grand central station
place_name,currently located
place_name,sahara desert
place_name,the five
place_name,hometown
place_name,I fifteen
place_name,meijer
place_name,lagos
place_name,bournemouth
place_name,new york
place_name,colorado
place_name,akron
place_name,manchester
place_name,home
place_name,new york new york
place_name,berkeley
place_name,china
place_name,beach
place_name,new orleans
place_name,devon
place_name,mangalore
place_name,geneva
place_name,orange tx
place_name,abita brew pub
place_name,america
place_name,east coast
place_name,eighth and monte diablo
place_name,jaisalmer
place_name,russia
place_name,north korea
place_name,king's park
place_name,gurpur
place_name,bangalore
place_name,movie theater
place_name,chicago illinois
place_name,las vegas
place_name,washingdon dc
place_name,main highway
place_name,gibraltar
place_name,oakland
place_name,aberdeen
place_name,tomo in arcata california
place_name,bristol
place_name,city
place_name,west irving station
place_name,fsu
place_name,third street
place_name,biloxi
place_name,library
place_name,mumbai to ahmedabad
place_name,world
place_name,austin
place_name,cleveland ohio
place_name,the pacific
place_name,kentucky
place_name,ottawa
place_name,italy
place_name,nigeria
place_name,rest stop
place_name,quebec
place_name,singapore
place_name,penn station
place_name,la
place_name,rccg in ikoyi lagos
place_name,pondy
place_name,sacramento california
place_name,bypass road
place_name,usa
place_name,opera
place_name,sangli
place_name,est
place_name,office
place_name,angel
place_name,missouri
place_name,dakar
place_name,yemen
place_name,within a one mile radius
place_name,north america
place_name,los angeles cinemas
place_name,seattle
place_name,brighton
place_name,the airport
place_name,international
place_name,us country
place_name,stephenville
place_name,tanzania
place_name,seventy five
place_name,bazaar highway
place_name,alabama
place_name,munich
place_name,dundee
place_name,sacramento
place_name,crescent city brewhouse
place_name,nc
place_name,leeds
place_name,virginia
place_name,oregon
place_name,morocco
place_name,nj
place_name,phillyx
place_name,harvard
place_name,weber
place_name,mdu
place_name,chinatown
place_name,the west side
place_name,the grand canyon
place_name,ny
place_name,pheonix
place_name,virginia beach
place_name,telegraph
place_name,park avenue
place_name,jaipur
place_name,local shopping district
place_name,ypsilanti
place_name,babaji nagar
place_name,austin tx
place_name,floor
place_name,mysore
place_name,midtown new york
place_name,our city
place_name,phoenix
place_name,karate studios
place_name,sainsburys
place_name,earth
place_name,other time zones
place_name,vermont
place_name,japan
place_name,cst
place_name,mumbai to goa
place_name,theatre
place_name,oxford
place_name,charleston west virginia
place_name,san paulo
place_name,second street
place_name,philippines
place_name,vienna
place_name,melbourne
place_name,mg road
place_name,mall
place_name,hong kong
place_name,grant market
place_name,australia
place_name,metropolitan opera house
place_name,athens
place_name,charlotte
place_name,tiffany's house
place_name,houston street
place_name,kings cross station
place_name,amazon river
place_name,brooklyn ny
place_name,multi specialty hospital
place_name,dallas texas
place_name,springfield
place_name,atlanta
place_name,brno
place_name,iowa
place_name,local theater
place_name,vilnius
place_name,nearby me
place_name,toronto
place_name,las vegas nevada
place_name,pune
place_name,united states
place_name,pyramids
place_name,b street
place_name,oslo
place_name,four hundred and five
place_name,detroit
place_name,everest
place_name,cleveland
place_name,poughkeepsie
place_name,rccg
place_name,local cinema
place_name,manhattan
place_name,syria
place_name,kansas city to iowa
place_name,fox downtown
place_name,danville il
place_name,new york city
place_name,antwerp
place_name,north lake college
place_name,mumbai
place_name,florida
place_name,long beach
place_name,santa barbara
place_name,arena
place_name,within two miles
place_name,uk
place_name,california
place_name,cambridge
place_name,us
place_name,nearest mall
place_name,south sacramento
place_name,town
place_name,leith
place_name,train station
place_name,edinburgh
place_name,grocery store
place_name,around the neighborhood
place_name,grassmarket
place_name,this city
place_name,a city
place_name,brazil
place_name,train depot
place_name,this location
place_name,bardonia
place_name,five mile radius
place_name,one hundred and one
place_name,cstm
place_name,destination
place_name,palermo neighborhood
place_name,railway station
place_name,beijing
place_name,chennai
place_name,house
place_name,four hundred and forty one
place_name,san fransisco
place_name,city center
place_name,mall of america
place_name,brisbane
place_name,long island bar
place_name,cairo
place_name,tokyo
place_name,ivory coast
place_name,between fourteenth and eighteenth streets
place_name,michegan
place_name,location
place_name,amc twenty
place_name,ireland
place_name,indiana
place_name,tulsa
place_name,nearby multiplex
place_name,sacremento
place_name,bay area
place_name,oceanside
place_name,liverpool
place_name,another city outside us
place_name,movies
place_name,pali
place_name,lowes in mount h nj
place_name,glasgow
place_name,chester
place_name,downtown
place_name,lagos nigeria
place_name,kansas
place_name,parana river
place_name,okinawa
place_name,neighboring city
place_name,utah
place_name,pennsylvania
place_name,ann arbor
place_name,columbia
place_name,stockholm
place_name,spain
place_name,roraima mount
place_name,new delhi
place_name,indianapolis
place_name,west philadelphia
place_name,new jersey
place_name,berlin
place_name,nearest to my location
place_name,europe
place_name,benton ar
place_name,san diego
place_name,douglasville ga
place_name,the rocky mountains
place_name,the united states
place_name,queensland
place_name,glory theater
place_name,phoenix az
place_name,around town
place_name,montauk
place_name,castle street
place_name,fifth street
place_name,indian
place_name,dallas
place_name,westwood
place_name,central park west
place_name,los angles
place_name,manila
place_name,jodhpur
place_name,my house
place_name,theater
place_name,orlando
place_name,eighty
place_name,los angeles
place_name,faripir
place_name,nearest location
place_name,england
place_name,punjab
place_name,savannah georgia
place_name,club debbie's house
place_name,prague
place_name,polk county florida
place_name,gonbad
place_name,sixth street
place_name,canal street
place_name,bay bridge
place_name,nearby theatre
place_name,lakeland florida
place_name,west chester
place_name,califonia
place_name,kamycka
place_name,maiden lane
place_name,bombay
place_name,paris
place_name,this area
place_name,station
place_name,hospital
place_name,san francisco
place_name,park
place_name,maine
place_name,downtown fort lauderdale
place_name,brea plaza five
place_name,south tampa
place_name,lucknow
place_name,main street
place_name,iceland
place_name,merced
place_name,milwaukee
place_name,des moines
place_name,capitol
place_name,columbus ohio
place_name,sbc
place_name,theaters
place_name,by the art museum
place_name,york
place_name,nyc
place_name,home town
place_name,delhi
place_name,I twenty five
place_name,black sea
timeofday,afternoon
timeofday,last night
timeofday,tonight
timeofday,noon
timeofday,this afternoon
timeofday,night
timeofday,this evening
timeofday,next morning
timeofday,evening
timeofday,morning
time,weekends
time,twelve thirty pm
time,two minutes
time,seven am
time,year
time,last ten years
time,forty minutes from now
time,twelve hours
time,next fourteen days
time,ten mins
time,nine am
time,thirty minutes
time,three
time,in ten seconds
time,before six
time,past three months
time,an hour
time,the next three three days
time,six thirty pm
time,four
time,six am
time,half an hour
time,until three pm
time,ten
time,one hundred and thirty
time,between three hundred and thirty and four
time,five hundred and thirty am
time,night
time,last six hours
time,eight o clock
time,three hours
time,four twelve
time,until tomorrow
time,this time
time,two hours
time,two am
time,in five minutes
time,twelve
time,three am
time,this hour
time,a day
time,five minutes before
time,in one hour
time,after six pm
time,in fifteen minutes
time,i get home
time,sunrise
time,evening at five pm
time,fifty seconds
time,six thirty am
time,six and nine am
time,weekend
time,five thirty am
time,before dark
time,eight hundred pm
time,eight forty five am
time,seven hundred and forty five pm
time,two
time,fifteen minutes
time,long
time,eight
time,one pm
time,noon
time,ten pm
time,next two hours
time,mornings
time,four hundred pm
time,seven hundred and thirty am
time,five thirty
time,two hours from now
time,two hundred
time,in two hours
time,twenty four hours
time,first week of march
time,after two pm
time,eight hundred
time,by the end of the day
time,twelve thirty
time,one thousand three hundred
time,one
time,three pm
time,one oh two
time,in an hour
time,this weekend
time,twelve am
time,four hours
time,june
time,future
time,eight am to two pm
time,five thirty pm
time,five hundred and thirty
time,in ten minutes
time,five minutes
time,ten minutes
time,nine pm
time,nine
time,one hour from now
time,one hour
time,four hundred and thirty pm
time,three to five
time,before five mins
time,twelve weeks from today
time,seven
time,in a hour
time,next three hours
time,the moment
time,eight to ten pm
time,next three months
time,in thirty minutes
time,next half hour
time,don't care
time,thirty minutes before that
time,twelve pm
time,eleven am
time,five forty five am
time,during the day
time,ten minutes from now
time,after four
time,all months
time,eight and nine
time,forty minutes
time,five
time,as soon as possible
time,one thousand nine hundred and eighty four
time,six thirty
time,four hundred am
time,daybreak
time,eight hundred am
time,ten past seven
time,past hour
time,eight am
time,four am
time,last hour
time,twenty minutes
time,after seven am
time,twenty to twenty five june
time,whole week
time,morning at eight
time,four hundred
time,ten am
time,five pm
time,four thirty am
time,week
time,five minutes from now
time,six pm
time,summer season
time,between three and four pm
time,five am
time,the next two weeks
time,four twenty
time,after three hours
time,four thirty five pm
time,last five minutes
time,eight pm
time,nine thirty pm
time,eight fifty five
time,seven thirty am
time,another hour
time,before shift ends
time,next hour
time,midnight
time,eight thirty pm
time,six
time,two pm
time,one hundred and twenty three main for two pm
time,last five hours
time,after five minutes
time,after seven pm
time,clear
time,ten seconds
time,seven pm
time,eight ten
time,after thirty min
time,next two days
time,first day of the next five months
time,three and five
time,twelve months
time,until five pm
time,four pm
time,morning at seven am
time,six to seven pm
time,after sunset
time,one thousand two hundred and thirty pm
event_name,birthdate
event_name,valia's wedding
event_name,running competitions
event_name,movie
event_name,call my grandma
event_name,pending payment of children school fees
event_name,take my umbrella
event_name,rotating event
event_name,uncle birthday
event_name,concert
event_name,payment of electricity bill
event_name,my birthday
event_name,movies
event_name,dog shows
event_name,next holiday
event_name,check my clothes
event_name,playing in the roosendaal cinema
event_name,doctors appointment
event_name,sporting event
event_name,standup
event_name,circus
event_name,meeting
event_name,new year
event_name,appointments
event_name,festival
event_name,work
event_name,musical events
event_name,biology test
event_name,fundraiser for dolphines
event_name,carnival
event_name,repeating for ten times
event_name,medical appointment
event_name,attend church
event_name,dr k appointment
event_name,evening walk routine
event_name,valentine's day
event_name,balloon festival
event_name,next hair cut
event_name,meetings
event_name,financial meeting
event_name,neighbor party
event_name,my holiday
event_name,flight
event_name,meting
event_name,lunch appointment
event_name,church services
event_name,holiday
event_name,local current events
event_name,change laundry loads
event_name,work party
event_name,logan
event_name,karate classes
event_name,client meet
event_name,parent teacher conference
event_name,dentist appointment
event_name,vacation
event_name,eat
event_name,doctor appointment
event_name,wedding
event_name,dinner with mary
event_name,launch with boss
event_name,pick up john from the airport
event_name,sunday gym
event_name,paying rent
event_name,monet's exhibition
event_name,spin class
event_name,teachers meeting
event_name,commonwealth games
event_name,dance class
event_name,super bowl
event_name,office meeting
event_name,dinner date
event_name,tennis game
event_name,birthdays
event_name,yoga practice
event_name,anniversary
event_name,lunch meeting
event_name,undone
event_name,school dance junction
event_name,festivals
event_name,team meeting
event_name,pre season baseball
event_name,free activities
event_name,dance classes
event_name,appointment
event_name,birthday party
event_name,run
event_name,liverpool started to play
event_name,wedding invite
event_name,easter
event_name,sales meeting
event_name,local ongoing exhibitions
event_name,halloween
event_name,lunch date
event_name,reflect meeting
event_name,board meeting
event_name,holidays
event_name,shopping trip
event_name,function
event_name,wedding anniversary presents
event_name,train
event_name,to have tablets
event_name,evening meeting
event_name,future event
event_name,accidents
event_name,christmas
event_name,india consumer complaints forum
event_name,holiday party
event_name,painting exhibition
event_name,best circus
event_name,concerts
event_name,soccer match
event_name,easter sunday
event_name,gun shows
event_name,rock concerts
event_name,gym
event_name,car payment
event_name,jazz festival
event_name,party
event_name,crafts fairs
event_name,birthday
event_name,dinner party
event_name,all meetings
event_name,phone calls
event_name,baseball games
event_name,dubai marriage
event_name,kickball
event_name,book fair
event_name,election result
event_name,thanks giving
event_name,take the casserole out of the oven
event_name,umf
event_name,business meeting
event_name,running
event_name,book fairs
event_name,doctor's appointment
event_name,free break
event_name,marriage
event_name,golf events
event_name,father's day
event_name,generic calendar event
event_name,soccer practice
event_name,watch j llb movie
event_name,election
event_name,match
event_name,vet appointment
event_name,fun things
event_name,pay the electricity bill
event_name,engaged or give birth
event_name,special holidays
event_name,gym class
event_name,meet with steve
event_name,meal
event_name,doctor
event_name,wedding anniversary
event_name,company meeting
event_name,food festival
event_name,last event removed
event_name,get togethers
weather_descriptor,sunscreen
weather_descriptor,pants
weather_descriptor,bad
weather_descriptor,scarf
weather_descriptor,soft evening
weather_descriptor,average temperature
weather_descriptor,raining
weather_descriptor,cold
weather_descriptor,snowing
weather_descriptor,sandals
weather_descriptor,rain coat
weather_descriptor,hot
weather_descriptor,swim or work
weather_descriptor,light or heavy jacket
weather_descriptor,summer
weather_descriptor,windy
weather_descriptor,rainy
weather_descriptor,gloves
weather_descriptor,temperature
weather_descriptor,boots
weather_descriptor,hat
weather_descriptor,higher than forty
weather_descriptor,sunny
weather_descriptor,shorts
weather_descriptor,snow tyres
weather_descriptor,raincoat
weather_descriptor,estimated temperatures
weather_descriptor,rain
weather_descriptor,sun gonna shine
weather_descriptor,tornado
weather_descriptor,umbrella
weather_descriptor,sneakers
weather_descriptor,snow boots
weather_descriptor,jacket
weather_descriptor,rain boots
weather_descriptor,rains
weather_descriptor,nice weather
weather_descriptor,sunblock
weather_descriptor,nice
weather_descriptor,warmer
weather_descriptor,cloudy
weather_descriptor,coat
weather_descriptor,warm clothes
weather_descriptor,highest
weather_descriptor,very hot and humid
weather_descriptor,snow
music_descriptor,old fashioned christmas
music_descriptor,theme song
music_descriptor,five stars
music_descriptor,the last song
music_descriptor,upbeat
music_descriptor,rating of four star or above
music_descriptor,top twenty
music_descriptor,library
music_descriptor,dangal movie
music_descriptor,background
music_descriptor,sad
music_descriptor,new songs
music_descriptor,good rating
music_descriptor,music library
music_descriptor,tonic
music_descriptor,party songs
music_descriptor,popular
music_descriptor,preferred
song_name,atmosphere
song_name,purple haze
song_name,veldt
song_name,barney theme
song_name,best friends
song_name,play that funky music
song_name,joy to the world
song_name,florida georgia line the one
song_name,ymca
song_name,bohemian rhapsody
song_name,i just wanna dance with you
song_name,surfin usa
song_name,be warned
song_name,i will always love you
song_name,you don't bring me flowers
song_name,true love
song_name,shinedown
song_name,jingle bells
song_name,last song
song_name,games
song_name,i want you
song_name,something like this
song_name,one more cup of coffee
song_name,jumper
song_name,long black train
song_name,poker face
song_name,this is us
song_name,get happy
song_name,hotel california
song_name,cheap thrills
song_name,let me love you
song_name,over the rainbow
song_name,closer
song_name,pop it like it's hot
song_name,help
song_name,i am
song_name,ps i love you
song_name,we are the world
song_name,lady
song_name,hips don't lie
song_name,aces high
song_name,electric slide
song_name,hurt
song_name,we will rock you
artist_name,aretha franklin
artist_name,elton john
artist_name,tech n9ne
artist_name,radio head
artist_name,keith urban
artist_name,johnny cash
artist_name,barenaked ladies
artist_name,Dolly parton
artist_name,serge gainsbourg
artist_name,yeshudas
artist_name,kenny roger
artist_name,cat stevens
artist_name,adele
artist_name,o zaalima
artist_name,lady antebellum
artist_name,akon
artist_name,marvin gaye
artist_name,blake shelton
artist_name,maroon five
artist_name,britney spears
artist_name,rihanna
artist_name,beatles
artist_name,micheal jackson
artist_name,bjork
artist_name,ed sheeran
artist_name,michael jackson
artist_name,neil sedaka
artist_name,aaron carter
artist_name,bruno mars
artist_name,jennifer
artist_name,disturbed
artist_name,queen
artist_name,spectre
artist_name,lady gaga
artist_name,sia
artist_name,bach
artist_name,yelawolf
artist_name,the beatles
artist_name,edie brickel
artist_name,franks sinatra stuff
artist_name,shakira
artist_name,metallica
artist_name,ella fitzgeral
artist_name,taylor swift
artist_name,sigur ros
artist_name,nelly
artist_name,prince
artist_name,madonna
artist_name,schubert
artist_name,martina mcbride
artist_name,third day
artist_name,ariana grande
artist_name,jack johnson
artist_name,kfi
artist_name,katy perry
artist_name,elvis presley
artist_name,coldplay
artist_name,chainsmokers
artist_name,brad paisley
artist_name,third eye blind
artist_name,aman
artist_name,raghu dixit
artist_name,chopin
artist_name,arrahman
artist_name,boy band
artist_name,ar rahman
artist_name,shreya
artist_name,senatra
artist_name,arijit singh
artist_name,justin beibers
artist_name,bowie
music_genre,country
music_genre,christian rock
music_genre,rock song
music_genre,jazz
music_genre,classical
music_genre,jazz music
music_genre,classic rock
music_genre,rock
music_genre,pop
music_genre,modern alternative rock
music_genre,foke
music_genre,indie rock
music_genre,hip hop
music_genre,electronic
music_genre,soft rock
music_genre,rap
music_genre,alt rock
music_genre,r. n. b.
music_genre,rock and roll
music_genre,melody
music_genre,classic
music_genre,folk
music_genre,bluegrass
music_genre,vocals
music_genre,gospel
music_genre,zydeco jams
music_genre,slow rock
music_genre,party
music_genre,nineties
playlist_name,big band playlist
playlist_name,r and b
playlist_name,happy playlist
playlist_name,good tunes
playlist_name,midnight love
playlist_name,main list
playlist_name,sleeptime playlist
playlist_name,running
playlist_name,sad songs of arijit singh
playlist_name,best wedding songs
playlist_name,workout playlist
playlist_name,work out playlist
playlist_name,electronic
playlist_name,motivational playlist
playlist_name,good playlist
playlist_name,smashing pumpkins
playlist_name,wacky
playlist_name,list five
playlist_name,morning playlist
device_type,roomba
device_type,tv
device_type,lamps
device_type,robotic vacuum
device_type,cleaner robot
device_type,multi colored lightning
device_type,irobot
device_type,screen
device_type,android phone
device_type,rice cooker socket
device_type,radio
device_type,lights on the right side
device_type,vacuum bot
device_type,robot
device_type,phone book
device_type,fan
device_type,blue lights
device_type,robot vacuum
device_type,equalizer
device_type,right side of light
device_type,outlet
device_type,runner
device_type,wemo plug socket
device_type,mobile charger plug
device_type,wifi
device_type,living room speakers
device_type,cleaner
device_type,kettle socket
device_type,coffee maker
device_type,geyser
device_type,smart lamp
device_type,wemo plug
device_type,table lamp
device_type,light
device_type,phone
device_type,curser
device_type,sps
device_type,left speaker
device_type,robot vacuum cleaner
device_type,plug
device_type,music system
device_type,every light
device_type,vacuuming
device_type,refrigerator
device_type,coffee machine
device_type,all lights
device_type,iroomba
device_type,wemo
device_type,vacuum cleaner
device_type,ps four
device_type,plug socket one
device_type,light socket
device_type,disco lights
device_type,computer
device_type,vacuum
device_type,radio station
device_type,porch light
device_type,main light
device_type,cellphone
device_type,power
device_type,wemo outlet
device_type,security light
device_type,one light
device_type,lights
device_type,vacuum cleaner robot
device_type,console
device_type,fan socket
device_type,bedside lamp
device_type,oven
device_type,smart plug
device_type,television
device_type,robot roomba
device_type,lamp
device_type,music player
device_type,smart plug socket
device_type,desk lamp one
device_type,desk lamp
device_type,light on the left
device_type,smart charger
device_type,smart socket
device_type,left light
device_type,socket
device_type,plug point
device_type,plug socket
device_type,robot cleaner
device_type,wemo socket
device_type,lamp socket
device_type,coffee pot
media_type,audiobook
media_type,movie
media_type,hackernews
media_type,videos
media_type,rediff masala
media_type,source
media_type,instagram
media_type,tweets
media_type,radio
media_type,new york times
media_type,twitter
media_type,music
media_type,audiobooks
media_type,reddit
media_type,un
media_type,gallery
media_type,song
media_type,sky news
media_type,insta
media_type,bbc
media_type,facebook live
media_type,snap chat
media_type,audio book
media_type,news express
media_type,rfi
media_type,usa today
media_type,fb
media_type,so clean
media_type,youtube
media_type,fox news
media_type,morning news
media_type,wall street journal
media_type,book
media_type,video
media_type,morning local news
media_type,washington post
media_type,fox
media_type,dhaka tribune
media_type,myspace
media_type,snapchat
media_type,facebook messenger
media_type,newsfeed
media_type,bbc sports
media_type,audio
media_type,track
media_type,social media
media_type,yahoo news
media_type,tunes
media_type,cnn
media_type,album
media_type,social networks
media_type,facebook
media_type,huffington post
media_type,pinterest
media_type,tweet
media_type,nbc news
media_type,newsource
media_type,podcasts
media_type,cbs
media_type,songs
media_type,xinhua
media_type,msnbc
media_type,tweeting
player_setting,keep reading
player_setting,start playing
player_setting,party mode
player_setting,equalize
player_setting,start reading
player_setting,keep playing
player_setting,hold
player_setting,move on
player_setting,continue playing
player_setting,continue
player_setting,resume play
player_setting,backward
player_setting,playback
player_setting,skip to next
player_setting,resume play where i left off
player_setting,jump
player_setting,stop play
player_setting,proceed
player_setting,read
player_setting,playing continuously
player_setting,lower
player_setting,replay
player_setting,pause
player_setting,pause and rewind
player_setting,reshuffle
player_setting,begin playing
player_setting,stop
player_setting,go back to
player_setting,start chapter five
player_setting,fast forward
player_setting,without shuffle
player_setting,flat sound mode
player_setting,skip
player_setting,begin again
player_setting,end pause
player_setting,pull up
player_setting,put on
player_setting,repeat
player_setting,lower battery consumption
player_setting,shazam
player_setting,resume
player_setting,move
player_setting,go back
player_setting,break
player_setting,restart
player_setting,continue reading
player_setting,forward
player_setting,start
player_setting,change song
player_setting,rewind
player_setting,disable
player_setting,progress
player_setting,shuffle
player_setting,resume playing
player_setting,where i left off
player_setting,stop repeating
player_setting,open
movie_name,ocean eleven
movie_name,swat
movie_name,thor
movie_name,chick flick
movie_name,deadpool
movie_name,pirates of caribbean
movie_name,led zeppelin houses of the holy
movie_name,training day
movie_name,trolls
movie_name,vin diesel
movie_name,logan
movie_name,titanic
movie_name,kung fu panda three
movie_name,star wars
app_name,note pad
app_name,spotify
app_name,facebook
app_name,google play
app_name,lyft
app_name,pandora
app_name,netflix
app_name,sirius
app_name,grubhub
app_name,irctc
app_name,cookingforu
app_name,audible
app_name,google keep
app_name,calendar app
general_frequency,mondays
general_frequency,everyday
general_frequency,each month
general_frequency,every morning
general_frequency,every year
general_frequency,every three hours
general_frequency,every day
general_frequency,daily
general_frequency,repeat
general_frequency,repeating
general_frequency,every tuesday
general_frequency,monthly
general_frequency,every three hour
general_frequency,seven days a week
general_frequency,yearly
general_frequency,every wednesday
list_name,dog list
list_name,active lists
list_name,night night
list_name,must read list
list_name,list of clients
list_name,buy
list_name,numbers
list_name,list of notes
list_name,due bills
list_name,cricket players of indian team
list_name,workout list
list_name,cart
list_name,dog breeds
list_name,shopping list
list_name,stationary
list_name,hardware store list
list_name,today's tasks
list_name,old english
list_name,baby names
list_name,bank transaction
list_name,walmart list
list_name,stock
list_name,tasks
list_name,shopping
list_name,list of contacts
list_name,dvr
list_name,appointments
list_name,work
list_name,camera photos
list_name,tax
list_name,collection
list_name,contact list
list_name,health check up
list_name,santana music
list_name,dog names
list_name,books
list_name,errands
list_name,grocery's shopping
list_name,lottery numbers
list_name,groceries
list_name,party
list_name,happy dance
list_name,things i need to buy
list_name,expenses
list_name,famous actors
list_name,work out
list_name,power tools
list_name,to do
list_name,contact lists
list_name,kickball
list_name,packing
list_name,holiday
list_name,thing i have to shop
list_name,library
list_name,vacation list
list_name,laundry
list_name,wednesday
list_name,kitchen
list_name,get done
list_name,school supplies
list_name,soccer
list_name,brads appointments
list_name,accessories
list_name,christmas shopping
list_name,bills that are due
list_name,friends list
list_name,old playlist
list_name,tour
list_name,clothes
list_name,todo
list_name,pick up
list_name,wish list
list_name,set of lists
list_name,things i need to travel
list_name,buying of groceries
list_name,activities
list_name,jewels to be bought
list_name,favorite albums
list_name,grocery
list_name,travel itinerary
list_name,chore
list_name,locations
list_name,remainder
meal_type,lunch
meal_type,diner
meal_type,breakfast
meal_type,dinner
business_name,olive garden
business_name,hershey
business_name,walmart
business_name,costa coffee
business_name,ammi biryani
business_name,radisson hotels customer service
business_name,sony consumer service
business_name,mr pizza
business_name,@microsoft
business_name,gss energy
business_name,kohls
business_name,bbc
business_name,china on the go
business_name,ola
business_name,panda garden
business_name,google
business_name,janta sweet home pvt ltd
business_name,tvs
business_name,american eagle customer service
business_name,jason's deli
business_name,i. b. m.
business_name,@phohouse
business_name,rolls royce
business_name,china buffet
business_name,jindel
business_name,nintendo
business_name,bank of america
business_name,deliveroo
business_name,netflix
business_name,pavitra
business_name,mcdonald
business_name,licari
business_name,rta
business_name,acer
business_name,bde
business_name,turiellos pizza
business_name,abc
business_name,arby
business_name,nike
business_name,kfc
business_name,dept
business_name,shibaru sushi
business_name,pf changs
business_name,eastwind
business_name,@companyname
business_name,verizon customer service
business_name,subway
business_name,panama city mall
business_name,panasonic
business_name,electric company
business_name,tnagar
business_name,udrive service
business_name,chipolte
business_name,chili
business_name,sprint
business_name,lif
business_name,hdfc
business_name,taco o'clock
business_name,sensex
business_name,tmobile
business_name,microsoft
business_name,red thai fpr
business_name,taco bell
business_name,giant eagle
business_name,nyack
business_name,tesco
business_name,amazon customer service
business_name,sonys
business_name,applebee
business_name,charley's steakhouse
business_name,national grid
business_name,kohl's customer service
business_name,carmike cinemas
business_name,shell
business_name,paradise
business_name,fb
business_name,papa john
business_name,papa johns
business_name,esurance
business_name,service provider
business_name,cvs pharmacy
business_name,luigi
business_name,customer service account of starbucks
business_name,the golden fork
business_name,apple
business_name,samsung
business_name,pizza shops
business_name,pf chang
business_name,michael's pizza
business_name,louies
business_name,ikea costumer service
business_name,ge
business_name,starbucks
business_name,burger king
business_name,comcast
business_name,pizza express
business_name,@nsa
business_name,royale
business_name,the president
business_name,gm
business_name,meijer
business_name,pepsi
business_name,honda
business_name,coca cola
business_name,michael
business_name,goog
business_name,tommy hilfiger
business_name,wallmart
business_name,safeway
business_name,peking garden
business_name,ralph and lauren
business_name,china spring wonton soup
business_name,vocelli
business_name,comcasts customer service
business_name,hp
business_name,paula deen's restaurant
business_name,sony
business_name,airtel
business_name,fra
business_name,british airways
business_name,woodland shoe store
business_name,johnson and johnson
business_name,pings
business_name,spaghetti warehouse
business_name,philips
business_name,brick grill
business_name,bakery
business_name,lexmark
business_name,quote unquote
business_name,@nikesupport
business_name,intel
business_name,apple store
business_name,china wok
business_name,mr taxi
business_name,domino's pizza
business_name,mattel
business_name,china king
business_name,starbuck
business_name,macy
business_name,@wendys
business_name,hyundai
business_name,romero
business_name,sixth ave
business_name,wendy
business_name,chipotle
business_name,comcastcom
business_name,targets
business_name,terranova
business_name,amazon products
business_name,@consumer service
business_name,cardinal cafe
business_name,beanos
business_name,donut junction
business_name,facebook
business_name,ming ten
business_name,s n. p
business_name,sony customer service
business_name,pho
business_name,motorola
business_name,income tax department
business_name,infosys technologies
business_name,kroger
business_name,koc
business_name,dominos
business_name,byron
business_name,customer service
business_name,panera bread
business_name,sweet frog
business_name,mcd
business_name,domino
business_name,open sesame
business_name,fongs
business_name,old navy website
business_name,consumer service
business_name,mcdonalds
business_name,tata
business_name,amazon
business_name,wangs kitchen
business_name,local municipality
business_name,amd
business_name,applebees
business_name,innova
business_name,easyjet
business_name,church's chicken
business_name,real donald trump
business_name,louie
business_name,uber
business_name,dominoes
business_name,tommy's burgers
business_name,macdonald shops
business_name,costumer service
business_name,wings n. ale
business_name,united airlines
business_name,italian
business_name,best buy
business_name,walmart service
business_name,someone
business_name,pizza hut
business_name,daikin service
business_name,george's geek
business_name,motorolla
business_name,clinic
order_type,over the phone
order_type,delivery
order_type,orders online
order_type,deliver
order_type,takeaways
order_type,pickup
order_type,delivered
order_type,takeout
order_type,carryout
order_type,uber eats
order_type,takeaway
order_type,take out
order_type,take out service
order_type,call in
order_type,to go
order_type,carry out
order_type,delivers
order_type,bring home
order_type,pepperoni pizza
order_type,take away
personal_info,email id
personal_info,named
personal_info,phone numbers
personal_info,office address
personal_info,email address
personal_info,numbers
personal_info,status update
personal_info,mail address
personal_info,number
personal_info,house number
personal_info,last name
personal_info,mobile number
personal_info,residential address
personal_info,contact
personal_info,street address
personal_info,details
personal_info,contact details
personal_info,email
personal_info,live
personal_info,contact detail
personal_info,dial
personal_info,travelling
personal_info,mail id
personal_info,living
personal_info,address
personal_info,lives
personal_info,home address
personal_info,new business
personal_info,old
personal_info,work number
personal_info,work
personal_info,telephone number
personal_info,corporate number
personal_info,office number
personal_info,phone number
personal_info,cell phone number
personal_info,landline number
personal_info,office's number
personal_info,cellphone number
personal_info,phone
personal_info,contact number
personal_info,home phone number
personal_info,location
personal_info,information
personal_info,work phone number
personal_info,job title
personal_info,family phone
house_place,carpets
house_place,dining room
house_place,playroom
house_place,mud room
house_place,hall
house_place,office
house_place,den
house_place,balcony
house_place,house cleaning
house_place,corner
house_place,furniture
house_place,study room
house_place,bathroom
house_place,hallway
house_place,drawing hall
house_place,porch
house_place,overhead
house_place,bathrooms
house_place,media room
house_place,bedrooms
house_place,outside the house
house_place,my room
house_place,carpet
house_place,this room
house_place,bed room
house_place,here
house_place,front room
house_place,the room
house_place,bed room two
house_place,front porch
house_place,house
house_place,dining area
house_place,interior
house_place,master bedroom
house_place,patio
house_place,flat
house_place,living room
house_place,whole house
house_place,kitchen
house_place,floor
house_place,bedroom two
house_place,ceiling
house_place,living rooms
house_place,garage
house_place,room
house_place,bedroom
house_place,home
house_place,lobby
house_place,game room
house_place,my son's room
house_place,garden
house_place,apartment
currency_name,pound sterling
currency_name,american dollars
currency_name,s. d.
currency_name,rupies
currency_name,usd
currency_name,dablune
currency_name,canadian
currency_name,philippine pesos
currency_name,american
currency_name,rupees
currency_name,rupee
currency_name,g. b. p.
currency_name,canadian dollars
currency_name,pounds
currency_name,nzd
currency_name,english pound
currency_name,us
currency_name,indian rupee
currency_name,england
currency_name,u. s. d.
currency_name,peso
currency_name,canadian dollar
currency_name,switzerland
currency_name,b. p.
currency_name,cdn
currency_name,mexican peso
currency_name,canada
currency_name,ukraine
currency_name,persos
currency_name,argentinian pesos
currency_name,philippiness peso
currency_name,philippine peso
currency_name,american dollar
currency_name,rs
currency_name,aus dollar
currency_name,euro
currency_name,eur
currency_name,us dollars
currency_name,dirham
currency_name,cad
currency_name,dollars
currency_name,japanese yen
currency_name,dollar
currency_name,pound
currency_name,denmark
currency_name,czk
currency_name,us dollar
currency_name,pesos
currency_name,british pound
currency_name,euros
currency_name,yen
currency_name,indian rupees
currency_name,rials
currency_name,yan
currency_name,yens
currency_name,the united states
currency_name,australian dollar
currency_name,inr
currency_name,china
currency_name,bitcoin
currency_name,united states dollar
email_address,dan@dancom
email_address,iamironman@gmail dot com
email_address,jj.nzt@yahoo dot com
email_address,brandon at example dot com
email_address,xyz@gmail dot com
email_address,dale@gmail dot com
email_address,john@gmail dot com
email_address,macs@xorg
email_address,hwu@gmail dot com
email_address,smithjoe@email dot com
email_address,jpearsonjessica@gmail dot com
email_address,johndoe@yahoocom
email_address,something@gmail dot com
email_address,joanne@aol dot com
email_address,sam@gmail dot com
email_address,oriam@gmail dot com
email_address,lindafancy55@gmail dot com
email_address,apahelp@yahoo dot com
email_address,qerwerq@hotmail dot com
email_address,jana dot litt at gmail dot com
email_address,macs@gmail dot com
email_address,samuelwaters@hotmail dot com
email_address,newmail@gmail dot com
email_address,abc@gmail dot com
email_address,johndoe@yahoo dot com
email_address,dbell@aol dot com
email_address,erosser@hotmail dot com
email_address,smurfette@gmail dot com
email_address,atdfd@yahoo dot com
email_folder,inbox
movie_type,rom com
movie_type,justin bieber
movie_type,drama
movie_type,romantic comedy
movie_type,action
movie_type,blockbuster
movie_type,best imdb ratings
movie_type,jazz scene
game_name,temple run
game_name,solitare
game_name,twenty questions
game_name,football
game_name,tennis
game_name,poker
game_name,pong
game_name,solitaire
game_name,nfs
game_name,hangman
game_name,monopoly
game_name,papa pear saga
game_name,checkers
game_name,street fighter
game_name,paper scissors or stone
game_name,league of legends
game_name,coc
game_name,parcheese game
game_name,roll the dice
game_name,name that tune
game_name,bejeweled
game_name,football match
game_name,flappy bird
game_name,sims
game_name,space invaders
game_name,words with friends
game_name,tic tac toe
game_name,blokus
game_name,gta vice city
game_name,chess
game_name,cricket
game_name,scrabble
game_name,fmod
game_name,clash of clans
game_name,candy crush
game_name,tetris
game_name,trivial pursuit
game_name,subway surfers
game_name,contra
game_name,mario
game_name,angry bird
game_name,tag you're it
game_name,ping pong
game_name,saga
game_name,battleship
game_name,global thermonuclear war
game_name,canasta
game_name,mindsweeper
game_name,harry potter and the chamber of secrets
game_name,truth or dare
game_name,super mario
game_name,road rash
game_name,duet
game_name,real racing three
game_name,super mario brothers
game_name,number one to ten
game_name,competitive crossword
game_name,nine ball
game_name,farmvile
game_name,go fish
game_name,fishdom
game_name,minestart
game_name,angry birds
game_name,fifa seventeen
game_name,pinball
game_name,UNO
game_name,uno
game_name,rock paper scissors
game_name,never have i ever
game_name,animal crossing
game_name,spider
game_name,snooker
game_name,guess the word i'm thinking of
game_name,keno
game_name,scabble
game_name,blackjack
game_name,i spy
game_name,snakes and ladders
game_name,snake
game_name,millionaires
game_name,racing
game_name,trivia
game_name,golf
game_type,video
ingredient,vegetable
ingredient,yellow rice
ingredient,saffron
ingredient,avocado seeds
ingredient,cream
ingredient,broccoli
ingredient,chicken
ingredient,butter
ingredient,rice
ingredient,rosemary
ingredient,ground beef
ingredient,zucchini
ingredient,lime
ingredient,white wine
ingredient,potato
ingredient,oil
ingredient,vegan egg
drink_type,rice wine
drink_type,coffee
drink_type,sprite
drink_type,almond milk
drink_type,diet coke
drink_type,beer
cooking_type,steam
cooking_type,cook
cooking_type,zest
cooking_type,freezing
cooking_type,bake
cooking_type,frying
change_amount,slightly
change_amount,to fifty five percent
change_amount,twenty percent
change_amount,to half
change_amount,to five percent
change_amount,by twenty percent
change_amount,to maximum
change_amount,by half
change_amount,to seventy percent
change_amount,to one percent
change_amount,at seventy percent
change_amount,all the way
change_amount,to seven
change_amount,to zero
change_amount,to level seven
change_amount,to forty percent
change_amount,loudest
change_amount,to ninety
change_amount,to nineteen
change_amount,by ten
change_amount,to max
change_amount,sixty
change_amount,by two levels
change_amount,to full power
change_amount,to fifty
change_amount,by fifty percent
change_amount,to eighty percent
change_amount,a bit
change_amount,to ten percent
change_amount,by one
change_amount,to twenty
change_amount,to twenty percent
change_amount,to sixty five percent
change_amount,a little more
change_amount,to low
change_amount,ten percent
change_amount,a little
change_amount,to lowest level
change_amount,to fifty percent
change_amount,more softly
change_amount,to twenty one
change_amount,to sixty
alarm_type,continuous alarm
alarm_type,house alarm
alarm_type,wake up
alarm_type,soccer practice
time_zone,g. m. t. plus five
time_zone,date
time_zone,g. m. t. one thirty
time_zone,est
time_zone,g. m. t.
time_zone,irish
time_zone,moscow
time_zone,ist
time_zone,east coast
time_zone,pst
time_zone,current
time_zone,mountain
time_zone,east
time_zone,central
time_zone,london england
time_zone,west
time_zone,my current zone
time_zone,day
time_zone,eastern
time_zone,pacific time
time_zone,this time zone
time_zone,pacific
time_zone,gtm four thirty
time_zone,west coast
time_zone,western
time_zone,time
transport_agency,uber
transport_agency,ola
transport_agency,golden taxi
transport_agency,lyft
transport_type,bus
transport_type,driving
transport_type,yellow cab
transport_type,cab
transport_type,car
transport_type,uberpool
transport_type,taxi
transport_type,rental cab
transport_type,ride
transport_type,walk
transport_type,train
radio_name,i heart radio
radio_name,ninety five point five
radio_name,one thousand and thirty seven fm
radio_name,radio mango
radio_name,lastfm
radio_name,seven am
radio_name,rush limbaugh
radio_name,radio disney
radio_name,hot one hundred and five
radio_name,pop station
radio_name,javan
radio_name,ninety two point seven fm
radio_name,xmtune
radio_name,usher
radio_name,ninety seven morning show
radio_name,radia
radio_name,ninety seven point nine fm
radio_name,nearest english fm station
radio_name,fm ninety five
radio_name,nine hundred and seventy one
radio_name,national public radio
radio_name,gospel radio
radio_name,bbc
radio_name,ninety seven fm
radio_name,news radio station
radio_name,one hundred and five point one
radio_name,am
radio_name,classical channel
radio_name,fm radio
radio_name,rock station
radio_name,nine hundred and ninety nine fm
radio_name,one oh seven point five
radio_name,morning show
radio_name,country music station
radio_name,hot ninety seven
radio_name,nine hundred and eighty seven
radio_name,local sports talk show
radio_name,kamp fm
radio_name,one hundred and one point nine
radio_name,radio mirchi
radio_name,one hundred and three
radio_name,eighty two point four
radio_name,ninety two point one
radio_name,the bob and tom
radio_name,rock one hundred and eight
radio_name,fm
radio_name,rock and roll show
radio_name,one oh seven point five fm
radio_name,breakfast club
radio_name,local
radio_name,ninety nine point five
radio_name,fm ninety six point five
radio_name,radio one
radio_name,radio station
radio_name,next i heart music radio show
radio_name,ninety nine point five fm
radio_name,bob and tom show
radio_name,hello fm station
radio_name,bbc radio one
radio_name,power one oh two point three
radio_name,pdr am
radio_name,trance music
radio_name,news
radio_name,one thousand and twenty seven
radio_name,seventy two point five
radio_name,kansas city hip hop
radio_name,rhythm
radio_name,eight hundred and eighty nine fm
radio_name,npr
radio_name,red fm
radio_name,bbc radio four
radio_name,urban
radio_name,vitaly channel
radio_name,fm eight hundred and ninety
radio_name,wfrn ninety nine point one
radio_name,wgrr one hundred and three point five
radio_name,msnbc
radio_name,station gx
radio_name,nine hundred and eighty nine
radio_name,acoustic music
definition_word,forensic
definition_word,evolution
definition_word,diverse
definition_word,love
definition_word,trebuchet
definition_word,the statue of liberty
definition_word,economics
definition_word,home
definition_word,car
definition_word,animal
definition_word,rotor
definition_word,the moon
definition_word,flabbergasted
definition_word,promise
definition_word,rumplestiltskin
definition_word,grapefruit
definition_word,fondle
definition_word,sanctimonious
definition_word,sea lion
definition_word,blue sky research
definition_word,crankshaft
definition_word,oscillate
definition_word,school
definition_word,organism
definition_word,pineapple
definition_word,sphere
definition_word,joe
definition_word,book
definition_word,carion
definition_word,microwave
definition_word,loquaciousness
definition_word,inchoate
definition_word,chair
definition_word,this word
definition_word,cylinder
definition_word,conservative politics
definition_word,romantic love
definition_word,geranium
definition_word,stitch long sleeved shirt
definition_word,velocity
definition_word,chaise
definition_word,clarion
definition_word,smartphone circuit
definition_word,chart
definition_word,goalkeeper
definition_word,cpu
definition_word,photosynthesis
definition_word,armor
definition_word,medieval war engines
definition_word,recipe
definition_word,life
definition_word,settle
definition_word,perpetual
definition_word,freeway
definition_word,apple of my eye
definition_word,survey
definition_word,transcendet
definition_word,elaborate
definition_word,the white house
definition_word,pesto
definition_word,lamp
definition_word,wizard
definition_word,object name
definition_word,problematic
definition_word,blanket
definition_word,pontificate
definition_word,novel
definition_word,laptop
definition_word,fifty inch smart tv
definition_word,overbearing
definition_word,swerving
definition_word,computer
definition_word,hurricane
definition_word,speaker
definition_word,session
definition_word,workhouse
definition_word,rock sand
definition_word,london
definition_word,triangle
definition_word,arrow
definition_word,telekenesis
definition_word,ziggurat
definition_word,haggis
definition_word,massive
definition_word,the bugatti veyron
definition_word,indignation
definition_word,exorbitant
definition_word,elephant
definition_word,potato
definition_word,mobile battery functioning
definition_word,banana
definition_word,marketing
definition_word,god
definition_word,television
definition_word,cheetah
definition_word,morel mushrooms
definition_word,snafu
definition_word,mobile device
definition_word,dining tables
definition_word,the sun
definition_word,monitor
definition_word,enthusiastic
definition_word,pda
definition_word,triumph
definition_word,the sports stadium
definition_word,ambulance
definition_word,iphone seven
definition_word,happy
definition_word,beech tree
definition_word,ultra
definition_word,tomatillo
definition_word,statue of liberty
definition_word,formidable
definition_word,rock
definition_word,this object
definition_word,alarm
definition_word,nuclear triad
definition_word,texture
definition_word,pro bono
definition_word,soccer ball
definition_word,umbrella
definition_word,hypocrisy
definition_word,the empire state building
definition_word,volkswagen golf car
definition_word,ultraviolet ray
definition_word,tennis ball
definition_word,joke
definition_word,capabara
definition_word,baguette
definition_word,logic
definition_word,ball
definition_word,incite
transport_descriptor,covering five destinations
transport_descriptor,south bound
transport_descriptor,berth seat
transport_descriptor,timings
transport_descriptor,ten places to see
transport_descriptor,first class
transport_descriptor,one way
transport_descriptor,return
transport_descriptor,goes via miami
transport_name,bagmati express
transport_name,eurostar
transport_name,keral express
transport_name,indianapolis express
transport_name,the five hundred and two
transport_name,acela
transport_name,kalka
transport_name,ethan allen express
transport_name,northern rail
color_type,rotate
color_type,pink
color_type,party mode
color_type,yellow
color_type,dull blue
color_type,red
color_type,random
color_type,white
color_type,romantic
color_type,cooler tone
color_type,dark
color_type,lavender
color_type,softer
color_type,red ish
color_type,normal
color_type,vibrant
color_type,green
color_type,yellowish
color_type,redder
color_type,watching friendly
color_type,black
color_type,orange
color_type,shine blue
color_type,warm
color_type,White
color_type,blue
color_type,light
color_type,purple
color_type,green and red
news_topic,trending
news_topic,trump
news_topic,kidnapping
news_topic,syrian civil war
news_topic,standing rock protest
news_topic,academy awards
news_topic,sprint
news_topic,political
news_topic,match highlights
news_topic,shark attacks
news_topic,weather
news_topic,france
news_topic,environmental
news_topic,winning numbers to the powerball lottery
news_topic,ipo
news_topic,stock market
news_topic,earthquake
news_topic,emigration legislation
news_topic,stock prices
news_topic,iphone
news_topic,elections
news_topic,new iphone release update
news_topic,cars
news_topic,obamacare
news_topic,paul ryan
news_topic,dea guam prescription drug abuse on the rise
news_topic,immigration policies
news_topic,bitcoin price
news_topic,samurai jack
news_topic,india win today cricket match
news_topic,politics
news_topic,terrorist attack
news_topic,blank
news_topic,entertainment
news_topic,the new iphone eight
news_topic,us election
news_topic,city council doing about homelessness
news_topic,president's trump office proceeding
news_topic,brexit
news_topic,hurricane in the gulf
news_topic,election
news_topic,sports
news_topic,india's economy
news_topic,weather forecast
news_topic,brexit negotiations
news_topic,football
news_topic,people canceling iowa vacations over congressman's words
news_topic,sunderland vs liverpool match
news_topic,premier league
news_topic,trumps speech
news_topic,climate and weather
news_topic,bp oil
news_topic,abortion law
news_topic,presidential debates
news_topic,migration
news_topic,sport
news_topic,snap
audiobook_author,karl pilkington
audiobook_author,j. k. rowling
audiobook_author,robert louis stevenson
audiobook_author,alan partridge
audiobook_author,daisy goodwin
audiobook_author,ned vizzini
audiobook_author,bill nye
audiobook_author,h g wells
audiobook_author,tom clancy
audiobook_author,dean koontz
audiobook_name,american gods
audiobook_name,joes book
audiobook_name,history of rome
audiobook_name,the time traveller
audiobook_name,animal farm
audiobook_name,file
audiobook_name,the last kingdom
audiobook_name,tarzan
audiobook_name,harry potter
audiobook_name,the two towers
audiobook_name,lord of the rings
audiobook_name,french lesson
audiobook_name,smurfs
audiobook_name,the giver
audiobook_name,twilight
audiobook_name,the mars trilogy
audiobook_name,battle royale
audiobook_name,king kong
audiobook_name,treasure island
audiobook_name,pride and prejudice
audiobook_name,the game of thrones
audiobook_name,secret garden
audiobook_name,magic run
audiobook_name,fifty shades of grey
audiobook_name,physics for future presidents
audiobook_name,harrypotter
audiobook_name,planets
audiobook_name,wuthering heights
audiobook_name,the handmaid's tale
audiobook_name,swan
audiobook_name,harry potter book four
audiobook_name,chuck palhunik
audiobook_name,zanes se chronicles
audiobook_name,bible study
audiobook_name,alma
audiobook_name,divergent
audiobook_name,the hunger games
audiobook_name,seven habits of effective people
audiobook_name,the god of small things
audiobook_name,book of vitamins
audiobook_name,mind reading book
audiobook_name,harry potter book five
audiobook_name,inkheart
audiobook_name,davinci code
audiobook_name,the circle
audiobook_name,jacob
audiobook_name,story
audiobook_name,be more chill
audiobook_name,the midnight series
audiobook_name,little women
audiobook_name,biography of jackie kennedy
audiobook_name,hunt for red october
audiobook_name,the scarlet letter
audiobook_name,sam harris
audiobook_name,hunt for read october
audiobook_name,heaven is for real
audiobook_name,the time machine
audiobook_name,war of the roses
audiobook_name,good grief
audiobook_name,war and peace
audiobook_name,the hobbit
audiobook_name,splinter cell
audiobook_name,dune
audiobook_name,harry potter book one
audiobook_name,johns
audiobook_name,odd thomas
audiobook_name,the jungle
audiobook_name,you are joking mr feynman
audiobook_name,a tale of two cities
audiobook_name,ready player one
audiobook_name,beauty and the beast
coffee_type,latte
coffee_type,morning
coffee_type,filter
coffee_type,capuccino
coffee_type,brew
coffee_type,cooled
coffee_type,black
coffee_type,strong
coffee_type,americano
coffee_type,hot
coffee_type,cappuccino
coffee_type,coffee with one cream and three sugars
coffee_type,espresso
coffee_type,double cappuccino small
coffee_type,cappochino
coffee_type,strongest
coffee_type,no sugar
coffee_type,nice
coffee_type,happy juice
coffee_type,without sweetener
coffee_type,creamy
music_album,theme song for frasier
podcast_name,philadelphia eagles content
podcast_name,npr
podcast_name,drunks and dragons
podcast_name,kashmirstart it
podcast_name,s town
podcast_name,food stuff
podcast_name,nyt
podcast_name,most played
podcast_name,saved
podcast_name,happypeoplecom
podcast_name,mlb daily
podcast_name,nfl
podcast_name,BBC tech
podcast_name,quantico
podcast_name,morning show
podcast_name,the morning after
podcast_name,video game news
podcast_name,last reason
podcast_name,gilmore guys
podcast_name,american life
podcast_name,bbc history
podcast_name,a
podcast_name,radiolab
podcast_name,science
podcast_name,barack obama
podcast_name,reason
podcast_name,bbc radio
podcast_name,compassionate cook
podcast_name,lovett or leave it
podcast_name,healthcare
podcast_name,the intern
podcast_name,ringcast
podcast_name,npr ted talks
podcast_name,heavyweight
podcast_name,yoga videos
podcast_name,doctor who
podcast_descriptor,next episode
podcast_descriptor,play list
podcast_descriptor,previous episode
podcast_descriptor,next podcast episode
podcast_descriptor,latest podcast episode
podcast_descriptor,next podcast
podcast_descriptor,top rated
podcast_descriptor,forward episode
podcast_descriptor,previous podcast
podcast_descriptor,series podcast
podcast_descriptor,books
podcast_descriptor,most recent podcast
podcast_descriptor,next show
podcast_descriptor,favourite
podcast_descriptor,listening to yesterday
podcast_descriptor,started last night
podcast_descriptor,president trump and his immigration ban
podcast_descriptor,latest
podcast_descriptor,episode two
podcast_descriptor,musician play list
podcast_descriptor,last episode
podcast_descriptor,all theory
podcast_descriptor,under ten min
podcast_descriptor,episode number thirty nine
podcast_descriptor,men's issues
